Application,ProcessID,SwapChainAddress,Runtime,SyncInterval,AllowsTearing,PresentFlags,PresentMode,Dropped,TimeInSeconds,MsBetweenPresents,MsBetweenDisplayChange,MsInPresentAPI,MsUntilRenderComplete,MsUntilDisplayed
,520,0x0000023DCA2DD8C0,DXGI,1,0,0,Hardware: Legacy Flip,0,0.010143,6.371,13.889,0.118,12.414,13.075
,520,0x0000023DCA6F4F40,DXGI,1,0,0,Hardware: Legacy Flip,0,0.010326,6.444,16.666,0.058,12.299,28.588
,520,0x0000023DCA2DD8C0,DXGI,1,0,0,Hardware: Legacy Flip,0,0.023732,13.588,20.835,0.143,15.522,20.322
,520,0x0000023DCA2DD8C0,DXGI,1,0,0,Hardware: Legacy Flip,0,0.044900,21.168,6.954,0.155,0.405,6.109
,520,0x0000023DCA6F4F40,DXGI,1,0,0,Hardware: Legacy Flip,0,0.045159,34.833,16.672,0.077,0.209,10.428
,520,0x0000023DC385D420,DXGI,1,0,0,Hardware: Legacy Flip,0,0.045067,34.801,33.335,0.082,0.259,12.309
,520,0x0000023DCA2DD8C0,DXGI,1,0,0,Hardware: Legacy Flip,0,0.051519,6.619,6.932,0.132,4.339,6.421
,520,0x0000023DCA2DD8C0,DXGI,1,0,0,Hardware: Legacy Flip,0,0.058714,7.195,6.953,0.137,0.374,6.180
,520,0x0000023DCA6F4F40,DXGI,1,0,0,Hardware: Legacy Flip,0,0.058924,13.765,16.661,0.049,0.213,13.324
,520,0x0000023DC385D420,DXGI,1,0,0,Hardware: Legacy Flip,0,0.058856,13.789,16.666,0.065,0.256,15.186
,520,0x0000023DCA2DD8C0,DXGI,1,0,0,Hardware: Legacy Flip,0,0.065404,6.691,13.889,0.175,7.130,13.378
,520,0x0000023DCA2DD8C0,DXGI,1,0,0,Hardware: Legacy Flip,0,0.079543,14.139,6.943,0.145,0.402,6.182
,520,0x0000023DCA6F4F40,DXGI,1,0,0,Hardware: Legacy Flip,0,0.079757,20.833,16.674,0.046,0.236,9.165
,520,0x0000023DC385D420,DXGI,1,0,0,Hardware: Legacy Flip,0,0.079693,20.837,16.669,0.060,0.273,11.018
,520,0x0000023DCA2DD8C0,DXGI,1,0,0,Hardware: Legacy Flip,0,0.086194,6.652,6.942,0.116,3.013,6.472
,520,0x0000023DCA2DD8C0,DXGI,1,0,0,Hardware: Legacy Flip,0,0.093457,7.262,6.949,0.144,0.401,6.159
,520,0x0000023DCA6F4F40,DXGI,1,0,0,Hardware: Legacy Flip,0,0.093673,13.916,16.677,0.058,0.245,11.926
,520,0x0000023DCA2DD8C0,DXGI,1,0,0,Hardware: Legacy Flip,0,0.100080,6.623,6.938,0.113,5.808,6.473
,520,0x0000023DC385D420,DXGI,1,0,0,Hardware: Legacy Flip,0,0.093606,13.913,16.665,0.063,0.273,13.769
,520,0x0000023DCA2DD8C0,DXGI,1,0,0,Hardware: Legacy Flip,0,0.114285,14.205,13.900,0.127,0.403,6.168
,520,0x0000023DCA6F4F40,DXGI,1,0,0,Hardware: Legacy Flip,0,0.114474,20.801,16.667,0.045,0.279,7.792
,520,0x0000023DC385D420,DXGI,1,0,0,Hardware: Legacy Flip,0,0.114416,20.810,16.674,0.054,0.294,9.633
,520,0x0000023DCA2DD8C0,DXGI,1,0,0,Hardware: Legacy Flip,0,0.120914,6.629,6.958,0.120,1.642,6.497
,520,0x0000023DCA2DD8C0,DXGI,1,0,0,Hardware: Legacy Flip,0,0.128229,7.315,6.942,0.160,0.327,6.123
,520,0x0000023DCA6F4F40,DXGI,1,0,0,Hardware: Legacy Flip,0,0.128461,13.987,16.670,0.049,0.176,10.476
,520,0x0000023DC385D420,DXGI,1,0,0,Hardware: Legacy Flip,0,0.128394,13.978,16.672,0.063,0.194,12.326
,520,0x0000023DCA2DD8C0,DXGI,1,0,0,Hardware: Legacy Flip,0,0.134889,6.660,6.928,0.178,4.244,6.391
,520,0x0000023DCA2DD8C0,DXGI,1,0,0,Hardware: Legacy Flip,0,0.141941,7.052,6.951,0.156,0.315,6.290
,520,0x0000023DCA6F4F40,DXGI,1,0,0,Hardware: Legacy Flip,0,0.142102,13.641,16.653,0.062,0.176,13.487
,520,0x0000023DCA2DD8C0,DXGI,1,0,0,Hardware: Legacy Flip,0,0.148679,6.739,13.889,0.133,7.102,13.441
,520,0x0000023DCA2DD8C0,DXGI,1,0,0,Hardware: Legacy Flip,0,0.163353,14.674,6.967,0.157,0.398,5.735
,520,0x0000023DCA6F4F40,DXGI,1,0,0,Hardware: Legacy Flip,0,0.163587,21.485,16.699,0.051,0.224,8.701
,520,0x0000023DC385D420,DXGI,1,0,0,Hardware: Legacy Flip,0,0.163515,35.120,33.329,0.069,0.255,10.535
,520,0x0000023DCA2DD8C0,DXGI,1,0,0,Hardware: Legacy Flip,0,0.170296,6.943,6.930,0.195,2.249,5.722
,520,0x0000023DCA2DD8C0,DXGI,1,0,0,Hardware: Legacy Flip,0,0.177095,6.799,6.959,0.221,0.412,5.882
,520,0x0000023DCA6F4F40,DXGI,1,0,0,Hardware: Legacy Flip,0,0.177408,13.821,16.660,0.068,0.163,11.540
,520,0x0000023DCA2DD8C0,DXGI,1,0,0,Hardware: Legacy Flip,0,0.183714,6.619,6.918,0.379,5.487,6.181
,520,0x0000023DC385D420,DXGI,1,0,0,Hardware: Legacy Flip,0,0.177323,13.808,16.663,0.080,0.202,13.390
,520,0x0000023DCA2DD8C0,DXGI,1,0,0,Hardware: Legacy Flip,0,0.197845,14.131,13.914,0.177,0.408,5.964
,520,0x0000023DCA6F4F40,DXGI,1,0,0,Hardware: Legacy Flip,0,0.198098,20.690,16.653,0.057,0.220,7.502
,520,0x0000023DC385D420,DXGI,1,0,0,Hardware: Legacy Flip,0,0.198027,20.704,16.666,0.067,0.246,9.352
,520,0x0000023DCA2DD8C0,DXGI,1,0,0,Hardware: Legacy Flip,0,0.204359,6.514,6.915,0.174,1.484,6.364
,520,0x0000023DCA2DD8C0,DXGI,1,0,0,Hardware: Legacy Flip,0,0.211672,7.313,6.962,0.185,0.397,6.013
,520,0x0000023DCA6F4F40,DXGI,1,0,0,Hardware: Legacy Flip,0,0.211957,13.859,16.672,0.067,0.184,10.315
,520,0x0000023DC385D420,DXGI,1,0,0,Hardware: Legacy Flip,0,0.211864,13.837,16.667,0.088,0.233,12.181
,520,0x0000023DCA2DD8C0,DXGI,1,0,0,Hardware: Legacy Flip,0,0.218262,6.590,6.925,0.148,4.253,6.347
,520,0x0000023DCA2DD8C0,DXGI,1,0,0,Hardware: Legacy Flip,0,0.225181,6.919,6.959,0.108,0.358,6.387
,520,0x0000023DCA6F4F40,DXGI,1,0,0,Hardware: Legacy Flip,0,0.225350,13.393,16.659,0.045,0.252,13.580
,520,0x0000023DC385D420,DXGI,1,0,0,Hardware: Legacy Flip,0,0.225293,13.429,16.666,0.054,0.264,15.419
,520,0x0000023DCA2DD8C0,DXGI,1,0,0,Hardware: Legacy Flip,0,0.232058,6.877,13.891,0.148,7.123,13.401
,520,0x0000023DCA2DD8C0,DXGI,1,0,0,Hardware: Legacy Flip,0,0.246610,14.552,6.939,0.204,0.395,5.788
,520,0x0000023DCA6F4F40,DXGI,1,0,0,Hardware: Legacy Flip,0,0.246912,21.562,16.678,0.070,0.161,8.696
,520,0x0000023DC385D420,DXGI,1,0,0,Hardware: Legacy Flip,0,0.246820,21.526,16.665,0.088,0.205,10.557
,520,0x0000023DCA2DD8C0,DXGI,1,0,0,Hardware: Legacy Flip,0,0.252907,6.297,6.938,0.136,2.838,6.428
,520,0x0000023DCA2DD8C0,DXGI,1,0,0,Hardware: Legacy Flip,0,0.259990,7.083,6.963,0.126,0.191,6.309
,520,0x0000023DCA6F4F40,DXGI,1,0,0,Hardware: Legacy Flip,0,0.260183,13.271,16.663,0.052,0.059,12.088
,520,0x0000023DC385D420,DXGI,1,0,0,Hardware: Legacy Flip,0,0.260120,13.300,16.670,0.060,0.080,13.928
,520,0x0000023DCA2DD8C0,DXGI,1,0,0,Hardware: Legacy Flip,0,0.280671,20.681,20.821,0.182,0.176,6.449
,520,0x0000023DCA6F4F40,DXGI,1,0,0,Hardware: Legacy Flip,0,0.280921,20.738,16.671,0.050,0.051,8.021
,520,0x0000023DC385D420,DXGI,1,0,0,Hardware: Legacy Flip,0,0.280858,20.738,16.668,0.060,0.059,9.858
,520,0x0000023DCA2DD8C0,DXGI,1,0,0,Hardware: Legacy Flip,0,0.294563,13.892,13.890,0.157,0.172,6.447
,520,0x0000023DCA6F4F40,DXGI,1,0,0,Hardware: Legacy Flip,0,0.294794,13.873,16.660,0.061,0.064,10.809
,520,0x0000023DC385D420,DXGI,1,0,0,Hardware: Legacy Flip,0,0.294724,13.866,16.661,0.067,0.060,12.653
,520,0x0000023DCA2DD8C0,DXGI,1,0,0,Hardware: Legacy Flip,0,0.308559,13.996,13.901,0.169,0.176,6.352
,520,0x0000023DCA6F4F40,DXGI,1,0,0,Hardware: Legacy Flip,0,0.308812,14.017,16.665,0.071,0.065,13.456
,520,0x0000023DC385D420,DXGI,1,0,0,Hardware: Legacy Flip,0,0.308732,14.009,16.682,0.074,0.068,15.327
,520,0x0000023DCA2DD8C0,DXGI,1,0,0,Hardware: Legacy Flip,0,0.322357,13.798,13.878,0.150,1.843,6.431
,520,0x0000023DCA6F4F40,DXGI,1,0,0,Hardware: Legacy Flip,0,0.322576,13.764,16.669,0.048,1.826,16.361
,520,0x0000023DC385D420,DXGI,1,0,0,Hardware: Legacy Flip,0,0.322512,13.780,16.660,0.060,1.865,18.207
,520,0x0000023DCA2DD8C0,DXGI,1,0,0,Hardware: Legacy Flip,0,0.329306,6.949,13.882,0.149,11.486,13.364
,520,0x0000023DC385D420,DXGI,1,0,0,Hardware: Legacy Flip,0,0.329467,6.955,16.668,0.080,11.725,27.919
,520,0x0000023DCA2DD8C0,DXGI,1,0,0,Hardware: Legacy Flip,0,0.343317,14.011,20.838,0.270,14.170,20.191
,520,0x0000023DCA6F4F40,DXGI,1,0,0,Hardware: Legacy Flip,0,0.343695,21.119,33.337,0.051,14.036,28.579
,520,0x0000023DC385D420,DXGI,1,0,0,Hardware: Legacy Flip,0,0.343605,14.138,16.662,0.085,14.101,30.443
,520,0x0000023DCA2DD8C0,DXGI,1,0,0,Hardware: Legacy Flip,0,0.364014,20.697,13.885,0.181,10.117,13.379
,520,0x0000023DCA6F4F40,DXGI,1,0,0,Hardware: Legacy Flip,0,0.364292,20.597,16.690,0.050,10.074,24.672
,520,0x0000023DC385D420,DXGI,1,0,0,Hardware: Legacy Flip,0,0.364210,20.605,16.681,0.078,10.136,26.519
,520,0x0000023DCA2DD8C0,DXGI,1,0,0,Hardware: Legacy Flip,0,0.377956,13.942,13.888,0.175,12.855,13.326
,520,0x0000023DCA6F4F40,DXGI,1,0,0,Hardware: Legacy Flip,0,0.378209,13.917,16.645,0.058,12.835,27.400
,520,0x0000023DC385D420,DXGI,1,0,0,Hardware: Legacy Flip,0,0.378138,13.928,16.660,0.067,12.879,29.252
,520,0x0000023DCA2DD8C0,DXGI,1,0,0,Hardware: Legacy Flip,0,0.391789,13.833,20.852,0.147,15.678,20.345
,520,0x0000023DCA6F4F40,DXGI,1,0,0,Hardware: Legacy Flip,0,0.391995,13.786,16.675,0.046,15.632,30.289
,520,0x0000023DC385D420,DXGI,1,0,0,Hardware: Legacy Flip,0,0.391941,13.803,16.657,0.051,15.659,32.106
,520,0x0000023DCA2DD8C0,DXGI,1,0,0,Hardware: Legacy Flip,0,0.412568,20.778,13.867,0.156,9.783,13.433
,520,0x0000023DCA2DD8C0,DXGI,1,0,0,Hardware: Legacy Flip,0,0.426329,13.761,6.953,0.138,0.158,6.625
devenv.exe,15592,0x000000001ED69120,D3D9,-1,0,0,Composed: Copy with GPU GDI,0,0.502464,309.105,312.476,0.208,0.201,13.820
,520,0x0000023DCA2DD8C0,DXGI,1,0,0,Hardware: Legacy Flip,0,0.509628,83.299,83.330,0.141,0.152,6.657
,520,0x0000023DCA2DD8C0,DXGI,1,0,0,Hardware: Legacy Flip,0,0.530444,20.816,20.837,0.150,0.152,6.678
devenv.exe,15592,0x000000001ED69120,D3D9,-1,0,0,Composed: Copy with GPU GDI,0,0.604878,102.414,97.242,0.224,0.200,8.649
,520,0x0000023DCA2DD8C0,DXGI,1,0,0,Hardware: Legacy Flip,0,0.606903,76.459,76.405,0.209,0.198,6.624
,520,0x0000023DCA2DD8C0,DXGI,1,0,0,Hardware: Legacy Flip,0,0.613846,6.944,6.931,0.152,0.161,6.611
,520,0x0000023DCA2DD8C0,DXGI,1,0,0,Hardware: Legacy Flip,0,0.627758,13.912,13.913,0.141,0.163,6.612
,520,0x0000023DCA2DD8C0,DXGI,1,0,2,Hardware: Legacy Flip,0,0.641525,13.767,13.900,0.137,0.166,6.746
,520,0x0000023DCA2DD8C0,DXGI,1,0,2,Hardware: Legacy Flip,0,0.676156,34.631,34.684,0.115,0.150,6.799
,520,0x0000023DCA2DD8C0,DXGI,1,0,0,Hardware: Legacy Flip,0,0.731916,55.760,55.574,0.169,0.165,6.613
,520,0x0000023DCA2DD8C0,DXGI,1,0,0,Hardware: Legacy Flip,0,0.745983,14.067,13.892,0.150,0.172,6.438
,520,0x0000023DCA6F4F40,DXGI,1,0,0,Hardware: Legacy Flip,0,0.746280,354.284,333.357,0.084,0.065,9.361
,520,0x0000023DC385D420,DXGI,1,0,0,Hardware: Legacy Flip,0,0.746177,354.236,333.342,0.092,0.067,11.212
devenv.exe,15592,0x000000001ED69120,D3D9,-1,0,0,Composed: Copy with GPU GDI,0,0.794221,189.342,194.446,0.345,0.333,13.753
,520,0x0000023DCA2DD8C0,DXGI,1,0,0,Hardware: Legacy Flip,0,0.801540,55.557,55.552,0.231,0.235,6.433
,520,0x0000023DCA2DD8C0,DXGI,1,0,0,Hardware: Legacy Flip,0,0.808432,6.892,6.949,0.243,0.185,6.489
,520,0x0000023DCA2DD8C0,DXGI,1,0,0,Hardware: Legacy Flip,0,0.829317,20.885,20.834,0.174,0.173,6.439
,520,0x0000023DCA2DD8C0,DXGI,1,0,0,Hardware: Legacy Flip,0,0.926256,96.939,97.205,0.139,0.149,6.705
,520,0x0000023DCA2DD8C0,DXGI,1,0,0,Hardware: Legacy Flip,0,1.009688,83.431,83.358,0.136,0.154,6.631
,520,0x0000023DCA2DD8C0,DXGI,1,0,0,Hardware: Legacy Flip,0,1.030518,20.831,20.814,0.158,0.165,6.615
devenv.exe,15592,0x000000001ED69120,D3D9,-1,0,0,Composed: Copy with GPU GDI,0,1.030722,236.501,236.098,0.178,0.152,13.350
,520,0x0000023DCA2DD8C0,DXGI,1,0,2,Hardware: Legacy Flip,0,1.037320,6.802,6.939,0.099,0.148,6.752
,520,0x0000023DCA2DD8C0,DXGI,1,0,0,Hardware: Legacy Flip,0,1.044357,7.037,6.962,0.132,0.152,6.677
,520,0x0000023DCA2DD8C0,DXGI,1,0,0,Hardware: Legacy Flip,0,1.058254,13.897,13.884,0.155,0.159,6.664
,520,0x0000023DCA2DD8C0,DXGI,1,0,0,Hardware: Legacy Flip,0,1.127666,69.412,69.433,0.168,0.170,6.685
,520,0x0000023DCA2DD8C0,DXGI,1,0,0,Hardware: Legacy Flip,0,1.211256,83.590,83.367,0.302,0.213,6.462
,520,0x0000023DCA2DD8C0,DXGI,1,0,0,Hardware: Legacy Flip,0,1.225145,13.888,13.887,0.301,0.212,6.461
,520,0x0000023DCA2DD8C0,DXGI,1,0,0,Hardware: Legacy Flip,0,1.245973,20.829,20.826,0.290,0.214,6.458
,520,0x0000023DCA2DD8C0,DXGI,1,0,0,Hardware: Legacy Flip,0,1.329724,83.750,83.326,0.246,0.217,6.034
,520,0x0000023DC385D420,DXGI,1,0,0,Hardware: Legacy Flip,0,1.329994,583.817,583.366,0.159,0.107,10.762
,520,0x0000023DCA2DD8C0,DXGI,1,0,0,Hardware: Legacy Flip,0,1.426617,96.893,97.237,0.249,0.211,6.378
,520,0x0000023DCA2DD8C0,DXGI,1,0,0,Hardware: Legacy Flip,0,1.447526,20.910,20.832,0.249,0.212,6.300
,520,0x0000023DCA2DD8C0,DXGI,1,0,0,Hardware: Legacy Flip,0,1.461231,13.705,13.890,0.276,0.196,6.485
,520,0x0000023DCA2DD8C0,DXGI,1,0,0,Hardware: Legacy Flip,0,1.530661,69.430,69.435,0.306,0.208,6.490
devenv.exe,15592,0x000000001ED69120,D3D9,-1,0,0,Composed: Copy with GPU GDI,0,1.565069,534.347,534.753,0.300,0.297,13.756
,520,0x0000023DCA2DD8C0,DXGI,1,0,2,Hardware: Legacy Flip,0,1.572126,41.465,41.674,0.164,0.186,6.699
,520,0x0000023DCA2DD8C0,DXGI,1,0,0,Hardware: Legacy Flip,0,1.579264,7.138,6.936,0.215,0.192,6.497
,520,0x0000023DCA2DD8C0,DXGI,1,0,0,Hardware: Legacy Flip,0,1.627860,48.595,48.615,0.265,0.225,6.516
,520,0x0000023DCA2DD8C0,DXGI,1,0,0,Hardware: Legacy Flip,0,1.662665,34.805,34.734,0.241,0.211,6.445
,520,0x0000023DCA2DD8C0,DXGI,1,0,0,Hardware: Legacy Flip,0,1.676441,13.776,13.877,0.202,0.189,6.546
,520,0x0000023DCA2DD8C0,DXGI,1,0,0,Hardware: Legacy Flip,0,1.732446,56.005,55.592,0.425,0.308,6.133
,520,0x0000023DCA2DD8C0,DXGI,1,0,0,Hardware: Legacy Flip,0,1.829732,97.286,97.239,0.434,0.332,6.086
,520,0x0000023DCA2DD8C0,DXGI,1,0,0,Hardware: Legacy Flip,0,1.878062,13.791,13.874,0.423,0.245,6.338
,520,0x0000023DCA2DD8C0,DXGI,1,0,0,Hardware: Legacy Flip,0,1.933296,55.234,55.515,0.172,0.187,6.619
,520,0x0000023DCA2DD8C0,DXGI,1,0,0,Hardware: Legacy Flip,0,2.044342,111.046,111.121,0.145,0.152,6.694
devenv.exe,15592,0x000000001ED69120,D3D9,-1,0,0,Composed: Copy with GPU GDI,0,2.065079,500.011,500.025,0.282,0.273,13.771
,520,0x0000023DCA2DD8C0,DXGI,1,0,0,Hardware: Legacy Flip,0,2.072162,27.820,27.814,0.151,0.160,6.688
,520,0x0000023DCA2DD8C0,DXGI,1,0,0,Hardware: Legacy Flip,0,2.079394,7.232,6.932,0.259,0.220,6.388
,520,0x0000023DCA2DD8C0,DXGI,1,0,0,Hardware: Legacy Flip,0,2.093184,13.790,13.879,0.244,0.214,6.477
devenv.exe,15592,0x000000001ED69120,D3D9,-1,0,0,Composed: Copy with GPU GDI,0,2.093482,28.403,27.745,0.276,0.267,13.113
,520,0x0000023DCA2DD8C0,DXGI,1,0,2,Hardware: Legacy Flip,0,2.099922,6.738,6.934,0.146,0.175,6.673
,520,0x0000023DCA2DD8C0,DXGI,1,0,0,Hardware: Legacy Flip,0,2.113929,14.008,13.918,0.202,0.179,6.583
,520,0x0000023DCA2DD8C0,DXGI,1,0,0,Hardware: Legacy Flip,0,2.141780,27.851,27.764,0.268,0.225,6.496
,520,0x0000023DCA2DD8C0,DXGI,1,0,0,Hardware: Legacy Flip,0,2.245755,103.975,104.150,0.210,0.153,6.671
,520,0x0000023DCA2DD8C0,DXGI,1,0,0,Hardware: Legacy Flip,0,2.294414,48.658,48.609,0.157,0.165,6.621
,520,0x0000023DCA2DD8C0,DXGI,1,0,2,Hardware: Legacy Flip,0,2.329200,34.787,34.719,0.151,0.160,6.554
,520,0x0000023DCA2DD8C0,DXGI,1,0,0,Hardware: Legacy Flip,0,2.350094,20.894,20.845,0.207,0.194,6.505
,520,0x0000023DCA2DD8C0,DXGI,1,0,0,Hardware: Legacy Flip,0,2.447683,97.588,97.278,0.412,0.282,6.194
,520,0x0000023DCA2DD8C0,DXGI,1,0,0,Hardware: Legacy Flip,0,2.510668,62.986,62.518,0.634,0.460,5.727
,520,0x0000023DCA2DD8C0,DXGI,1,0,0,Hardware: Legacy Flip,0,2.531103,20.434,20.812,0.422,0.300,6.105
,520,0x0000023DCA2DD8C0,DXGI,1,0,0,Hardware: Legacy Flip,0,2.545008,13.905,13.894,0.640,0.333,6.094
devenv.exe,15592,0x000000001ED69120,D3D9,-1,0,0,Composed: Copy with GPU GDI,0,2.627728,534.246,534.759,0.626,0.582,13.625
,520,0x0000023DCA2DD8C0,DXGI,1,0,2,Hardware: Legacy Flip,0,2.634909,89.901,90.252,0.329,0.293,6.444
,520,0x0000023DCA2DD8C0,DXGI,1,0,0,Hardware: Legacy Flip,0,2.642154,7.245,6.967,0.442,0.311,6.167
,520,0x0000023DCA2DD8C0,DXGI,1,0,0,Hardware: Legacy Flip,0,2.711638,69.484,69.499,0.428,0.334,6.181
,520,0x0000023DCA2DD8C0,DXGI,1,0,0,Hardware: Legacy Flip,0,2.843328,97.105,97.236,0.285,0.224,6.374
,520,0x0000023DCA2DD8C0,DXGI,1,0,0,Hardware: Legacy Flip,0,2.926418,83.090,83.291,0.169,0.164,6.575
,520,0x0000023DCA2DD8C0,DXGI,1,0,0,Hardware: Legacy Flip,0,2.947159,20.742,20.832,0.136,0.152,6.666
,520,0x0000023DCA2DD8C0,DXGI,1,0,0,Hardware: Legacy Flip,0,3.044434,97.275,97.231,0.164,0.168,6.622
,520,0x0000023DCA2DD8C0,DXGI,1,0,0,Hardware: Legacy Flip,0,3.141904,97.470,97.232,0.446,0.243,6.384
devenv.exe,15592,0x000000001ED69120,D3D9,-1,0,0,Composed: Copy with GPU GDI,0,3.155406,527.678,527.751,0.268,0.244,13.699
,520,0x0000023DCA2DD8C0,DXGI,1,0,0,Hardware: Legacy Flip,0,3.162451,20.547,20.816,0.150,0.169,6.654
,520,0x0000023DCA2DD8C0,DXGI,1,0,0,Hardware: Legacy Flip,0,3.176293,13.843,13.890,0.131,0.150,6.701
,520,0x0000023DCA2DD8C0,DXGI,1,0,0,Hardware: Legacy Flip,0,3.259839,83.546,83.352,0.250,0.197,6.507
,520,0x0000023DCA2DD8C0,DXGI,1,0,2,Hardware: Legacy Flip,0,3.329371,69.532,69.437,0.274,0.209,6.413
,520,0x0000023DCA2DD8C0,DXGI,1,0,0,Hardware: Legacy Flip,0,3.343298,13.927,13.893,0.193,0.189,6.379
,520,0x0000023DCA2DD8C0,DXGI,1,0,0,Hardware: Legacy Flip,0,3.363934,20.636,20.823,0.153,0.165,6.566
,520,0x0000023DCA2DD8C0,DXGI,1,0,0,Hardware: Legacy Flip,0,3.461038,97.104,97.222,0.142,0.158,6.683
,520,0x0000023DCA2DD8C0,DXGI,1,0,0,Hardware: Legacy Flip,0,3.544651,83.613,83.373,0.438,0.255,6.443
,520,0x0000023DCA2DD8C0,DXGI,1,0,0,Hardware: Legacy Flip,0,3.558564,13.913,13.875,0.303,0.211,6.406
,520,0x0000023DCA2DD8C0,DXGI,1,0,0,Hardware: Legacy Flip,0,3.579310,20.746,20.827,0.227,0.200,6.487
,520,0x0000023DCA2DD8C0,DXGI,1,0,0,Hardware: Legacy Flip,0,3.662612,83.303,83.336,0.264,0.219,6.521
,520,0x0000023DCA2DD8C0,DXGI,1,0,0,Hardware: Legacy Flip,0,3.690795,28.183,27.822,0.266,0.181,6.159
devenv.exe,15592,0x000000001ED69120,D3D9,-1,0,0,Composed: Copy with GPU GDI,0,3.691123,535.718,534.788,0.385,0.372,12.769
,520,0x0000023DCA2DD8C0,DXGI,1,0,0,Hardware: Legacy Flip,0,3.698187,7.392,6.938,0.378,0.318,5.705
,520,0x0000023DCA2DD8C0,DXGI,1,0,0,Hardware: Legacy Flip,0,3.704877,6.690,6.925,0.370,0.257,5.940
,520,0x0000023DCA2DD8C0,DXGI,1,0,0,Hardware: Legacy Flip,0,3.711910,7.033,6.971,0.381,0.306,5.879
,520,0x0000023DCA2DD8C0,DXGI,1,0,0,Hardware: Legacy Flip,0,3.718781,6.871,6.910,0.497,0.259,5.918
,520,0x0000023DCA2DD8C0,DXGI,1,0,0,Hardware: Legacy Flip,0,3.726151,7.369,6.976,0.366,0.247,5.525
,520,0x0000023DCA2DD8C0,DXGI,1,0,0,Hardware: Legacy Flip,0,3.732810,6.659,6.959,0.459,0.294,5.824
,520,0x0000023DCA2DD8C0,DXGI,1,0,0,Hardware: Legacy Flip,0,3.739966,7.156,6.937,0.541,0.392,5.605
,520,0x0000023DCA2DD8C0,DXGI,1,0,0,Hardware: Legacy Flip,0,3.746864,6.898,6.954,0.417,0.291,5.661
,520,0x0000023DCA2DD8C0,DXGI,1,0,0,Hardware: Legacy Flip,0,3.753742,6.878,6.921,0.587,0.417,5.704
,520,0x0000023DCA2DD8C0,DXGI,1,0,0,Hardware: Legacy Flip,0,3.761142,7.400,6.970,0.546,0.341,5.274
,520,0x0000023DCA2DD8C0,DXGI,1,0,0,Hardware: Legacy Flip,0,3.767611,6.469,6.901,0.502,0.353,5.706
,520,0x0000023DCA2DD8C0,DXGI,1,0,0,Hardware: Legacy Flip,0,3.774505,6.894,7.167,0.650,0.319,5.979
,520,0x0000023DCA2DD8C0,DXGI,1,0,0,Hardware: Legacy Flip,0,3.781715,7.210,6.753,0.476,0.299,5.522
,520,0x0000023DCA2DD8C0,DXGI,1,0,0,Hardware: Legacy Flip,0,3.788290,6.575,6.918,0.422,0.314,5.865
,520,0x0000023DCA2DD8C0,DXGI,1,0,0,Hardware: Legacy Flip,0,3.795249,6.959,6.961,0.374,0.253,5.867
,520,0x0000023DCA2DD8C0,DXGI,1,0,0,Hardware: Legacy Flip,0,3.802126,6.877,6.927,0.417,0.309,5.917
,520,0x0000023DCA2DD8C0,DXGI,1,0,0,Hardware: Legacy Flip,0,3.809068,6.942,6.954,0.355,0.248,5.929
,520,0x0000023DCA2DD8C0,DXGI,1,0,0,Hardware: Legacy Flip,0,3.816082,7.014,6.953,0.368,0.253,5.869
,520,0x0000023DCA2DD8C0,DXGI,1,0,0,Hardware: Legacy Flip,0,3.822937,6.856,6.940,0.362,0.253,5.953
,520,0x0000023DCA2DD8C0,DXGI,1,0,0,Hardware: Legacy Flip,0,3.829922,6.984,6.948,0.478,0.259,5.917
,520,0x0000023DCA2DD8C0,DXGI,1,0,0,Hardware: Legacy Flip,0,3.836823,6.901,6.942,0.372,0.255,5.958
,520,0x0000023DCA2DD8C0,DXGI,1,0,0,Hardware: Legacy Flip,0,3.843786,6.963,6.956,0.405,0.246,5.950
,520,0x0000023DCA2DD8C0,DXGI,1,0,0,Hardware: Legacy Flip,0,3.850752,6.966,6.960,0.385,0.247,5.944
,520,0x0000023DCA2DD8C0,DXGI,1,0,0,Hardware: Legacy Flip,0,3.857933,7.181,7.007,0.384,0.304,5.771
,520,0x0000023DCA2DD8C0,DXGI,1,0,0,Hardware: Legacy Flip,0,3.864973,7.040,6.867,0.476,0.357,5.597
,520,0x0000023DCA2DD8C0,DXGI,1,0,0,Hardware: Legacy Flip,0,3.871631,6.658,6.934,0.426,0.316,5.873
,520,0x0000023DCA2DD8C0,DXGI,1,0,0,Hardware: Legacy Flip,0,3.878501,6.870,6.944,0.351,0.242,5.947
,520,0x0000023DCA2DD8C0,DXGI,1,0,0,Hardware: Legacy Flip,0,3.885442,6.941,6.922,0.463,0.239,5.928
,520,0x0000023DCA2DD8C0,DXGI,1,0,0,Hardware: Legacy Flip,0,3.892605,7.163,6.991,0.349,0.247,5.756
,520,0x0000023DCA2DD8C0,DXGI,1,0,0,Hardware: Legacy Flip,0,3.961781,69.177,69.443,0.437,0.335,6.023
,520,0x0000023DCA2DD8C0,DXGI,1,0,0,Hardware: Legacy Flip,0,3.996439,20.604,20.797,0.289,0.240,6.046
,520,0x0000023DCA2DD8C0,DXGI,1,0,0,Hardware: Legacy Flip,0,4.009975,13.536,13.881,0.290,0.220,6.391
,520,0x0000023DCA2DD8C0,DXGI,1,0,0,Hardware: Legacy Flip,0,4.065817,55.841,55.608,0.418,0.288,6.158
,520,0x0000023DCA2DD8C0,DXGI,1,0,0,Hardware: Legacy Flip,0,4.163072,97.256,97.212,0.505,0.361,6.113
,520,0x0000023DCA2DD8C0,DXGI,1,0,0,Hardware: Legacy Flip,0,4.197613,34.541,34.739,0.389,0.288,6.312
,520,0x0000023DCA2DD8C0,DXGI,1,0,0,Hardware: Legacy Flip,0,4.211232,13.619,13.855,0.223,0.216,6.548
devenv.exe,15592,0x000000001ED69120,D3D9,-1,0,0,Composed: Copy with GPU GDI,0,4.217913,526.789,527.761,0.237,0.260,13.741
,520,0x0000023DCA2DD8C0,DXGI,1,0,2,Hardware: Legacy Flip,0,4.224957,13.725,13.873,0.154,0.212,6.696
,520,0x0000023DCA2DD8C0,DXGI,1,0,0,Hardware: Legacy Flip,0,4.245791,20.834,20.801,0.157,0.159,6.662
,520,0x0000023DCA2DD8C0,DXGI,1,0,0,Hardware: Legacy Flip,0,4.280509,34.718,34.729,0.149,0.155,6.674
,520,0x0000023DCA2DD8C0,DXGI,1,0,2,Hardware: Legacy Flip,0,4.329262,48.753,48.608,0.139,0.161,6.529
,520,0x0000023DCA2DD8C0,DXGI,1,0,0,Hardware: Legacy Flip,0,4.377971,48.708,48.625,0.272,0.212,6.446
,520,0x0000023DCA2DD8C0,DXGI,1,0,0,Hardware: Legacy Flip,0,4.434266,56.296,55.581,0.494,0.369,5.731
,520,0x0000023DCA2DD8C0,DXGI,1,0,0,Hardware: Legacy Flip,0,4.447820,13.554,13.909,0.565,0.348,6.087
,520,0x0000023DCA2DD8C0,DXGI,1,0,0,Hardware: Legacy Flip,0,4.482472,34.653,34.720,0.408,0.296,6.154
,520,0x0000023DCA2DD8C0,DXGI,1,0,0,Hardware: Legacy Flip,0,4.579140,96.667,97.167,0.148,0.165,6.654
,520,0x0000023DCA2DD8C0,DXGI,1,0,0,Hardware: Legacy Flip,0,4.627839,48.700,48.631,0.175,0.182,6.585
,520,0x0000023DCA2DD8C0,DXGI,1,0,0,Hardware: Legacy Flip,0,4.641702,13.862,13.867,0.156,0.155,6.589
,520,0x0000023DCA2DD8C0,DXGI,1,0,0,Hardware: Legacy Flip,0,4.676570,34.868,34.744,0.276,0.235,6.465
devenv.exe,15592,0x000000001ED69120,D3D9,-1,0,0,Composed: Copy with GPU GDI,0,4.746176,528.263,527.768,0.415,0.393,13.245
,520,0x0000023DCA2DD8C0,DXGI,1,0,2,Hardware: Legacy Flip,0,4.752836,76.266,76.386,0.227,0.236,6.585
,520,0x0000023DCA2DD8C0,DXGI,1,0,0,Hardware: Legacy Flip,0,4.780816,27.980,27.789,0.280,0.211,6.395
,520,0x0000023DCA2DD8C0,DXGI,1,0,0,Hardware: Legacy Flip,0,4.864899,84.083,83.394,0.595,0.375,5.706
,520,0x0000023DCA2DD8C0,DXGI,1,0,0,Hardware: Legacy Flip,0,4.878459,13.560,13.903,0.707,0.409,6.049
,520,0x0000023DCA2DD8C0,DXGI,1,0,0,Hardware: Legacy Flip,0,4.975053,82.629,83.267,0.175,0.176,6.588
,520,0x0000023DCA2DD8C0,DXGI,1,0,0,Hardware: Legacy Flip,0,5.058347,83.294,83.341,0.160,0.161,6.635
,520,0x0000023DCA2DD8C0,DXGI,1,0,0,Hardware: Legacy Flip,0,5.079189,20.842,20.817,0.153,0.156,6.610
,520,0x0000023DCA2DD8C0,DXGI,1,0,0,Hardware: Legacy Flip,0,5.176513,97.324,97.239,0.234,0.192,6.526
,520,0x0000023DCA2DD8C0,DXGI,1,0,0,Hardware: Legacy Flip,0,5.218782,42.269,41.657,0.242,0.232,5.914
,520,0x0000023DCA2DD8C0,DXGI,1,0,0,Hardware: Legacy Flip,0,5.225190,6.409,6.956,0.173,0.131,6.461
,520,0x0000023DCA2DD8C0,DXGI,1,0,0,Hardware: Legacy Flip,0,5.232115,6.925,6.939,0.218,0.116,6.476
,520,0x0000023DCA2DD8C0,DXGI,1,0,0,Hardware: Legacy Flip,0,5.253220,21.105,20.834,0.266,0.172,6.205
,520,0x0000023DCA2DD8C0,DXGI,1,0,0,Hardware: Legacy Flip,0,5.259926,6.706,6.973,0.192,0.187,6.472
,520,0x0000023DCA2DD8C0,DXGI,1,0,0,Hardware: Legacy Flip,0,5.267289,7.363,6.912,0.320,0.204,6.021
,520,0x0000023DCA2DD8C0,DXGI,1,0,0,Hardware: Legacy Flip,0,5.280919,13.630,13.948,0.237,0.208,6.339
devenv.exe,15592,0x000000001ED69120,D3D9,-1,0,0,Composed: Copy with GPU GDI,0,5.281216,535.040,534.778,0.332,0.300,12.983
,520,0x0000023DCA2DD8C0,DXGI,1,0,2,Hardware: Legacy Flip,0,5.287759,6.840,6.941,0.287,0.281,6.440
,520,0x0000023DCA2DD8C0,DXGI,1,0,0,Hardware: Legacy Flip,0,5.295526,7.768,6.947,0.505,0.323,5.620
,520,0x0000023DCA2DD8C0,DXGI,1,0,0,Hardware: Legacy Flip,0,5.309190,13.664,13.902,0.412,0.312,5.858
,520,0x0000023DCA2DD8C0,DXGI,1,0,0,Hardware: Legacy Flip,0,5.316241,7.051,6.938,0.438,0.287,5.745
,520,0x0000023DCA2DD8C0,DXGI,1,0,0,Hardware: Legacy Flip,0,5.330797,14.556,13.876,0.659,0.366,5.065
,520,0x0000023DCA2DD8C0,DXGI,1,0,0,Hardware: Legacy Flip,0,5.344274,13.476,13.862,0.483,0.352,5.450
,520,0x0000023DC385D420,DXGI,1,0,0,Hardware: Legacy Flip,0,5.344816,13.285,16.640,0.383,0.295,12.699
,520,0x0000023DCA2DD8C0,DXGI,1,0,0,Hardware: Legacy Flip,0,5.350299,6.026,13.880,0.249,7.303,13.305
,520,0x0000023DCA2DD8C0,DXGI,1,0,0,Hardware: Legacy Flip,0,5.377837,27.538,20.816,0.162,0.161,6.583
,520,0x0000023DCA2DD8C0,DXGI,1,0,0,Hardware: Legacy Flip,0,5.461212,83.375,83.353,0.166,0.161,6.560
,520,0x0000023DCA2DD8C0,DXGI,1,0,0,Hardware: Legacy Flip,0,5.475292,14.080,13.872,0.287,0.194,6.352
,520,0x0000023DCA2DD8C0,DXGI,1,0,0,Hardware: Legacy Flip,0,5.593347,118.055,118.080,0.460,0.234,6.377
,520,0x0000023DCA2DD8C0,DXGI,1,0,0,Hardware: Legacy Flip,0,5.676820,83.472,83.369,0.326,0.262,6.273
,520,0x0000023DCA2DD8C0,DXGI,1,0,0,Hardware: Legacy Flip,0,5.697703,20.883,20.807,0.294,0.234,6.196
,520,0x0000023DCA2DD8C0,DXGI,1,0,0,Hardware: Legacy Flip,0,5.794434,96.731,97.191,0.161,0.176,6.656
devenv.exe,15592,0x000000001ED69120,D3D9,-1,0,0,Composed: Copy with GPU GDI,0,5.815086,533.870,534.666,0.263,0.255,13.778
,520,0x0000023DCA2DD8C0,DXGI,1,0,2,Hardware: Legacy Flip,0,5.822130,27.696,27.775,0.119,0.163,6.735
,520,0x0000023DCA2DD8C0,DXGI,1,0,0,Hardware: Legacy Flip,0,5.829166,7.036,6.964,0.168,0.161,6.662
,520,0x0000023DCA2DD8C0,DXGI,1,0,0,Hardware: Legacy Flip,0,5.877814,48.648,48.603,0.162,0.159,6.617
,520,0x0000023DCA2DD8C0,DXGI,1,0,0,Hardware: Legacy Flip,0,5.989475,90.851,90.314,0.446,0.336,6.105
,520,0x0000023DCA2DD8C0,DXGI,1,0,0,Hardware: Legacy Flip,0,5.996371,6.896,6.946,0.499,0.281,6.155
,520,0x0000023DCA2DD8C0,DXGI,1,0,0,Hardware: Legacy Flip,0,6.093914,97.543,97.269,0.578,0.453,5.880
,520,0x0000023DCA2DD8C0,DXGI,1,0,0,Hardware: Legacy Flip,0,6.114517,20.603,20.808,0.508,0.374,6.085
,520,0x0000023DCA2DD8C0,DXGI,1,0,0,Hardware: Legacy Flip,0,6.197838,83.321,83.323,0.433,0.295,6.087
,520,0x0000023DCA2DD8C0,DXGI,1,0,0,Hardware: Legacy Flip,0,6.295075,97.237,97.236,0.495,0.376,6.087
,520,0x0000023DCA2DD8C0,DXGI,1,0,0,Hardware: Legacy Flip,0,6.331045,35.970,34.765,0.443,0.357,4.882
,520,0x0000023DCA2DD8C0,DXGI,1,0,2,Hardware: Legacy Flip,0,6.343545,12.500,13.822,0.419,0.300,6.203
devenv.exe,15592,0x000000001ED69120,D3D9,-1,0,0,Composed: Copy with GPU GDI,0,6.344442,529.355,527.802,0.437,0.419,12.225
,520,0x0000023DCA2DD8C0,DXGI,1,0,2,Hardware: Legacy Flip,0,6.350137,6.592,6.918,0.206,0.218,6.529
,520,0x0000023DC385D420,DXGI,1,0,0,Hardware: Legacy Flip,0,6.344007,12.469,16.645,0.347,0.187,13.521
,520,0x0000023DCA2DD8C0,DXGI,1,0,0,Hardware: Legacy Flip,0,6.364275,14.138,13.905,0.267,0.219,6.296
,520,0x0000023DCA2DD8C0,DXGI,1,0,0,Hardware: Legacy Flip,0,6.413068,48.792,48.643,0.411,0.296,6.148
,520,0x0000023DCA2DD8C0,DXGI,1,0,0,Hardware: Legacy Flip,0,6.510341,97.273,97.193,0.457,0.337,6.068
,520,0x0000023DCA2DD8C0,DXGI,1,0,0,Hardware: Legacy Flip,0,6.544815,34.474,34.716,0.249,0.247,6.310
,520,0x0000023DCA2DD8C0,DXGI,1,0,0,Hardware: Legacy Flip,0,6.558454,13.639,13.875,0.175,0.193,6.546
,520,0x0000023DCA2DD8C0,DXGI,1,0,0,Hardware: Legacy Flip,0,6.613893,55.439,55.552,0.161,0.164,6.660
,520,0x0000023DCA2DD8C0,DXGI,1,0,0,Hardware: Legacy Flip,0,6.711397,97.504,97.252,0.288,0.225,6.408
,520,0x0000023DCA2DD8C0,DXGI,1,0,0,Hardware: Legacy Flip,0,6.746261,34.865,34.730,0.402,0.280,6.273
,520,0x0000023DCA2DD8C0,DXGI,1,0,0,Hardware: Legacy Flip,0,6.760068,13.807,13.885,0.305,0.220,6.351
,520,0x0000023DCA2DD8C0,DXGI,1,0,0,Hardware: Legacy Flip,0,6.808661,48.593,48.600,0.321,0.263,6.358
devenv.exe,15592,0x000000001ED69120,D3D9,-1,0,0,Composed: Copy with GPU GDI,0,6.877587,533.146,534.718,0.224,0.211,13.797
,520,0x0000023DCA2DD8C0,DXGI,1,0,2,Hardware: Legacy Flip,0,6.884680,76.019,76.365,0.139,0.173,6.705
,520,0x0000023DCA2DD8C0,DXGI,1,0,0,Hardware: Legacy Flip,0,6.961147,48.678,48.611,0.142,0.157,6.632
,520,0x0000023DCA2DD8C0,DXGI,1,0,0,Hardware: Legacy Flip,0,7.009759,48.612,48.609,0.155,0.167,6.629
,520,0x0000023DCA2DD8C0,DXGI,1,0,0,Hardware: Legacy Flip,0,7.114075,104.316,104.182,0.252,0.194,6.496
,520,0x0000023DCA2DD8C0,DXGI,1,0,0,Hardware: Legacy Flip,0,7.162828,48.753,48.630,0.245,0.221,6.373
,520,0x0000023DCA2DD8C0,DXGI,1,0,0,Hardware: Legacy Flip,0,7.176677,13.849,13.902,0.547,0.294,6.426
,520,0x0000023DCA2DD8C0,DXGI,1,0,0,Hardware: Legacy Flip,0,7.211694,35.017,34.741,0.404,0.279,6.150
,520,0x0000023DCA2DD8C0,DXGI,1,0,0,Hardware: Legacy Flip,0,7.309127,97.433,97.222,0.629,0.423,5.939
,520,0x0000023DCA2DD8C0,DXGI,1,0,2,Hardware: Legacy Flip,0,7.330111,20.983,20.811,0.387,0.297,5.766
,520,0x0000023DCA2DD8C0,DXGI,1,0,2,Hardware: Legacy Flip,0,7.343555,13.444,13.893,0.360,0.273,6.215
,520,0x0000023DC385D420,DXGI,1,0,0,Hardware: Legacy Flip,0,7.343975,13.421,16.688,0.304,0.214,13.635
,520,0x0000023DCA2DD8C0,DXGI,1,0,0,Hardware: Legacy Flip,0,7.399022,55.467,55.544,0.326,0.257,6.292
devenv.exe,15592,0x000000001ED69120,D3D9,-1,0,0,Composed: Copy with GPU GDI,0,7.405511,527.924,527.816,0.409,0.379,13.690
,520,0x0000023DCA2DD8C0,DXGI,1,0,0,Hardware: Legacy Flip,0,7.412914,13.893,13.887,0.321,0.213,6.287
,520,0x0000023DCA2DD8C0,DXGI,1,0,0,Hardware: Legacy Flip,0,7.426609,13.695,13.879,0.243,0.203,6.471
,520,0x0000023DCA2DD8C0,DXGI,1,0,0,Hardware: Legacy Flip,0,7.510320,83.711,83.372,0.428,0.289,6.132
,520,0x0000023DCA2DD8C0,DXGI,1,0,0,Hardware: Legacy Flip,0,7.594154,83.834,83.359,0.600,0.399,5.657
,520,0x0000023DCA2DD8C0,DXGI,1,0,0,Hardware: Legacy Flip,0,7.628680,34.525,34.701,0.416,0.327,5.832
,520,0x0000023DCA2DD8C0,DXGI,1,0,0,Hardware: Legacy Flip,0,7.725183,96.504,97.181,0.273,0.199,6.510
,520,0x0000023DCA2DD8C0,DXGI,1,0,0,Hardware: Legacy Flip,0,7.822344,13.902,13.886,0.213,0.193,6.567
,520,0x0000023DCA2DD8C0,DXGI,1,0,0,Hardware: Legacy Flip,0,7.829397,7.053,6.945,0.313,0.201,6.459
,520,0x0000023DCA2DD8C0,DXGI,1,0,0,Hardware: Legacy Flip,0,7.926768,97.371,97.238,0.320,0.262,6.326
devenv.exe,15592,0x000000001ED69120,D3D9,-1,0,0,Composed: Copy with GPU GDI,0,7.940197,534.686,534.734,0.479,0.423,13.738
,520,0x0000023DCA2DD8C0,DXGI,1,0,2,Hardware: Legacy Flip,0,7.947347,20.579,20.841,0.309,0.251,6.588
,520,0x0000023DCA2DD8C0,DXGI,1,0,0,Hardware: Legacy Flip,0,7.961668,14.321,13.982,0.436,0.307,6.249
,520,0x0000023DCA2DD8C0,DXGI,1,0,0,Hardware: Legacy Flip,0,8.031280,69.612,69.395,0.440,0.332,6.032
,520,0x0000023DCA2DD8C0,DXGI,1,0,0,Hardware: Legacy Flip,0,8.045231,13.951,13.855,0.488,0.392,5.935
,520,0x0000023DCA2DD8C0,DXGI,1,0,0,Hardware: Legacy Flip,0,8.065619,20.388,20.824,0.379,0.242,6.372
,520,0x0000023DCA2DD8C0,DXGI,1,0,0,Hardware: Legacy Flip,0,8.134747,69.128,69.417,0.144,0.177,6.661
,520,0x0000023DCA2DD8C0,DXGI,1,0,0,Hardware: Legacy Flip,0,8.225251,90.504,90.292,0.226,0.190,6.449
,520,0x0000023DCA2DD8C0,DXGI,1,0,0,Hardware: Legacy Flip,0,8.246121,20.869,20.826,0.289,0.208,6.405
,520,0x0000023DCA2DD8C0,DXGI,1,0,0,Hardware: Legacy Flip,0,8.260006,13.885,13.922,0.268,0.212,6.442
,520,0x0000023DCA2DD8C0,DXGI,1,0,0,Hardware: Legacy Flip,0,8.330893,70.887,69.454,0.530,0.402,5.009
,520,0x0000023DCA2DD8C0,DXGI,1,0,2,Hardware: Legacy Flip,0,8.343597,12.704,13.890,0.356,0.275,6.195
,520,0x0000023DC385D420,DXGI,1,0,0,Hardware: Legacy Flip,0,8.344010,12.534,16.692,0.298,0.207,13.593
,520,0x0000023DCA2DD8C0,DXGI,1,0,0,Hardware: Legacy Flip,0,8.447955,104.358,104.196,0.440,0.338,6.033
,520,0x0000023DCA2DD8C0,DXGI,1,0,0,Hardware: Legacy Flip,0,8.461987,14.032,13.905,0.430,0.321,5.906
devenv.exe,15592,0x000000001ED69120,D3D9,-1,0,0,Composed: Copy with GPU GDI,0,8.468298,528.101,527.800,0.791,0.696,13.436
,520,0x0000023DCA2DD8C0,DXGI,1,0,0,Hardware: Legacy Flip,0,8.475873,13.886,13.841,0.529,0.305,5.862
,520,0x0000023DCA2DD8C0,DXGI,1,0,0,Hardware: Legacy Flip,0,8.496362,20.490,20.803,0.233,0.206,6.175
,520,0x0000023DCA2DD8C0,DXGI,1,0,0,Hardware: Legacy Flip,0,8.544672,48.309,48.613,0.254,0.216,6.479
,520,0x0000023DCA2DD8C0,DXGI,1,0,0,Hardware: Legacy Flip,0,8.642250,97.578,97.257,0.410,0.293,6.158
,520,0x0000023DCA2DD8C0,DXGI,1,0,0,Hardware: Legacy Flip,0,8.677430,35.180,34.757,0.555,0.370,5.735
,520,0x0000023DCA2DD8C0,DXGI,1,0,0,Hardware: Legacy Flip,0,8.711813,34.383,34.698,0.502,0.363,6.049
,520,0x0000023DCA2DD8C0,DXGI,1,0,0,Hardware: Legacy Flip,0,8.746462,34.649,34.721,0.395,0.294,6.121
,520,0x0000023DCA2DD8C0,DXGI,1,0,0,Hardware: Legacy Flip,0,8.843680,97.217,97.224,0.514,0.343,6.129
,520,0x0000023DCA2DD8C0,DXGI,1,0,0,Hardware: Legacy Flip,0,8.892173,48.494,48.596,0.452,0.271,6.231
